Job Role,Job Function,Job Level,Title
Architect,nan,nan,1
Business Continuity,Education,Executive,27
Business Continuity,Engineering,Contributor,15
Business Continuity,Engineering,Director,1
Business Continuity,Engineering,Manager,3
Business Continuity,Engineering,nan,2
Business Continuity,Facilities,Manager,1
Business Continuity,IT,C-Level,9
Business Continuity,IT,Contributor,52
Business Continuity,IT,Director,6
Business Continuity,IT,Executive,22
Business Continuity,IT,Manager,45
Business Continuity,IT,nan,5
Business Continuity,IT Operations,Non-Manager,1
Business Continuity,Management,C-Level,3
Business Continuity,Management,Executive,23
Business Continuity,Medical,Manager,2
Business Continuity,Unknown,Contributor,8
Business Systems,Administration,Contributor,1
Business Systems,Administration,Executive,1
Business Systems,Engineering,C-Level,14
Business Systems,Engineering,Contributor,437
Business Systems,Engineering,Director,84
Business Systems,Engineering,Executive,71
Business Systems,Engineering,Manager,172
Business Systems,Engineering,Non-Manager,2
Business Systems,Engineering,Unknown,8
Business Systems,Engineering,nan,71
Business Systems,Facilities,C-Level,1
Business Systems,Facilities,Contributor,18
Business Systems,Facilities,Director,8
Business Systems,Facilities,Executive,4
Business Systems,Facilities,Manager,10
Business Systems,Finance,C-Level,2
Business Systems,Finance,Contributor,28
Business Systems,Finance,Director,2
Business Systems,Finance,Executive,20
Business Systems,Finance,Manager,40
Business Systems,Finance,Non-Manager,1
Business Systems,Human Resource,Contributor,3
Business Systems,Human Resource,Executive,8
Business Systems,Human Resource,Manager,4
Business Systems,Human Resource,nan,3
Business Systems,IT,C-Level,632
Business Systems,IT,C-level,2
Business Systems,IT,Contributor,3769
Business Systems,IT,Director,1336
Business Systems,IT,Executive,2300
Business Systems,IT,Manager,3911
Business Systems,IT,Non-Manager,34
Business Systems,IT,Unknown,18
Business Systems,IT,VP-Level,21
Business Systems,IT,VP/Director,1
Business Systems,IT,nan,418
Business Systems,Management,C-Level,358
Business Systems,Management,Contributor,8
Business Systems,Management,Executive,109
Business Systems,Management,Manager,36
Business Systems,Management,Unknown,9
Business Systems,Management,nan,11
Business Systems,Marketing,Contributor,23
Business Systems,Marketing,Director,1
Business Systems,Marketing,Executive,14
Business Systems,Marketing,Manager,28
Business Systems,Marketing,nan,1
Business Systems,Medical,Contributor,1
Business Systems,Medical,Executive,2
Business Systems,Medical,Manager,2
Business Systems,Medical,nan,3
Business Systems,Operations,Contributor,4
Business Systems,Operations,Director,1
Business Systems,Operations,Executive,4
Business Systems,Operations,Manager,31
Business Systems,Sales,C-Level,196
Business Systems,Sales,Contributor,197
Business Systems,Sales,Director,13
Business Systems,Sales,Executive,30
Business Systems,Sales,Manager,39
Business Systems,Sales,Non-Manager,18
Business Systems,Services,Contributor,1
Business Systems,Services,Manager,4
Business Systems,Support,C-Level,3
Business Systems,Support,Contributor,2
Business Systems,Support,Executive,10
Business Systems,Support,Manager,7
Business Systems,Unknown,Contributor,41
Business Systems,Unknown,Director,4
Business Systems,Unknown,Manager,22
CEO,Management,C-Level,7
Chief Executive Officer & President,Management,C-Level,4
Cloud Infrastructure Architect,Unknown,nan,1
Communications,Engineering,C-Level,3
Communications,Engineering,Contributor,68
Communications,Engineering,Director,3
Communications,Engineering,Executive,6
Communications,Engineering,Manager,18
Communications,Engineering,nan,3
Communications,Facilities,Manager,2
Communications,Finance,Manager,1
Communications,Human Resource,Executive,3
Communications,IT,C-Level,72
Communications,IT,Contributor,579
Communications,IT,Director,41
Communications,IT,Executive,212
Communications,IT,Manager,861
Communications,IT,Non-Manager,7
Communications,IT,Unknown,4
Communications,IT,nan,64
Communications,Management,C-Level,12
Communications,Management,Contributor,1
Communications,Management,Executive,8
Communications,Marketing,Manager,3
Communications,Public Sector,Contributor,1
Communications,Public Sector,Manager,2
Communications,Purchasing,Executive,1
Communications,Sales,Executive,1
Communications,Sales,Manager,4
Communications,Services,Contributor,1
Communications,Unknown,Contributor,4
Customer-facing role,Operations,Manager,1
Data,Corporate,Contributor,1
Data,Corporate,Manager,1
Data,Education,Contributor,1
Data,Education,Director,3
Data,Education,Executive,1
Data,Engineering,C-Level,6
Data,Engineering,Contributor,568
Data,Engineering,Director,61
Data,Engineering,Executive,78
Data,Engineering,Manager,167
Data,Engineering,Non-Manager,4
Data,Engineering,Unknown,1
Data,Engineering,nan,22
Data,Facilities,Contributor,2
Data,Finance,Contributor,2
Data,Finance,Executive,1
Data,Finance,Manager,4
Data,Human Resource,Contributor,2
Data,IT,C-Level,182
Data,IT,Contributor,1585
Data,IT,Director,401
Data,IT,Executive,1260
Data,IT,Manager,1395
Data,IT,Non-Manager,13
Data,IT,Unknown,16
Data,IT,VP-Level,1
Data,IT,nan,132
Data,Management,C-Level,10
Data,Management,Director,6
Data,Management,Executive,20
Data,Marketing,Contributor,2
Data,Marketing,Director,1
Data,Operations,Director,1
Data,Sales,Director,1
Data,Sales,Executive,8
Data,Support,Executive,1
Data,Unknown,Contributor,2
Development,Account Management,nan,1
Development,Administration,Contributor,21
Development,Administration,Executive,1
Development,Corporate,C-Level,6
Development,Corporate,Contributor,4
Development,Corporate,Executive,8
Development,Corporate,Manager,4
Development,Education,C-Level,3
Development,Education,Contributor,25
Development,Education,Director,8
Development,Education,Executive,11
Development,Education,Manager,8
Development,Engineering,C-Level,838
Development,Engineering,Contributor,77662
Development,Engineering,CxO,2
Development,Engineering,Director,1667
Development,Engineering,Engineer,1
Development,Engineering,Engineer/Admin,7
Development,Engineering,Executive,5870
Development,Engineering,Individual Contributor,13
Development,Engineering,Manager,18930
Development,Engineering,Non-Manager,527
Development,Engineering,Other,6
Development,Engineering,Senior Security Engineer - SSE Lead,5
Development,Engineering,Team Lead,24
Development,Engineering,Unknown,345
Development,Engineering,VP-Level,18
Development,Engineering,contributor,2
Development,Engineering,nan,2141
Development,Engineering & Technical,Non-Manager,1
Development,Facilities,C-Level,2
Development,Facilities,Contributor,13
Development,Facilities,Director,2
Development,Facilities,Executive,13
Development,Facilities,Manager,16
Development,Facilities,nan,1
Development,Finance,C-Level,6
Development,Finance,Contributor,25
Development,Finance,Director,6
Development,Finance,Executive,8
Development,Finance,Manager,7
Development,Human Resource,C-Level,2
Development,Human Resource,Contributor,29
Development,Human Resource,Director,1
Development,Human Resource,Executive,10
Development,Human Resource,Manager,12
Development,IT,C-Level,820
Development,IT,C-level,1
Development,IT,Contributor,10762
Development,IT,Director,1046
Development,IT,Executive,4576
Development,IT,Individual Contributor,3
Development,IT,Manager,7125
Development,IT,Non-Manager,125
Development,IT,Team Lead,2
Development,IT,Unknown,81
Development,IT,VP-Level,37
Development,IT,nan,858
Development,IT - Security,Contributor,1
Development,Legal,Contributor,10
Development,Legal,Executive,1
Development,Legal,Manager,4
Development,Legal,Non-Manager,1
Development,Management,C-Level,628
Development,Management,Contributor,147
Development,Management,Director,17
Development,Management,Executive,1655
Development,Management,Manager,140
Development,Management,Non-Manager,1
Development,Management,Unknown,11
Development,Management,nan,34
Development,Marketing,C-Level,3
Development,Marketing,Contributor,25
Development,Marketing,Director,4
Development,Marketing,Executive,27
Development,Marketing,Manager,36
Development,Marketing,nan,3
Development,Medical,C-Level,1
Development,Medical,Contributor,4
Development,Medical,Executive,1
Development,Operations,Contributor,66
Development,Operations,Director,2
Development,Operations,Executive,27
Development,Operations,Manager,19
Development,Operations,nan,99
Development,Public Sector,Contributor,7
Development,Public Sector,Executive,2
Development,Public Sector,Manager,2
Development,Public Sector,nan,1
Development,Purchasing,Manager,2
Development,Purchasing,nan,1
Development,Sales,C-Level,3
Development,Sales,Contributor,161
Development,Sales,Director,4
Development,Sales,Executive,37
Development,Sales,Manager,98
Development,Sales,nan,5
Development,Services,C-Level,2
Development,Services,Contributor,4
Development,Services,Executive,73
Development,Support,Contributor,3
Development,Support,Director,2
Development,Support,Executive,2
Development,Support,Manager,1
Development,Unknown,C-Level,6
Development,Unknown,Contributor,37
Development,Unknown,Director,1
Development,Unknown,Executive,21
Development,Unknown,Manager,29
Development,Unknown,nan,1
Executive,Management,Executive,4
Founder And CEO,Management,C-Level,6
Governance Risk Compliance,Administration,Contributor,1
Governance Risk Compliance,Administration,Director,1
Governance Risk Compliance,Administration,Executive,3
Governance Risk Compliance,Corporate,Contributor,1
Governance Risk Compliance,Corporate,Director,2
Governance Risk Compliance,Education,Contributor,1
Governance Risk Compliance,Education,Director,1
Governance Risk Compliance,Engineering,C-Level,8
Governance Risk Compliance,Engineering,Contributor,237
Governance Risk Compliance,Engineering,Director,53
Governance Risk Compliance,Engineering,Executive,43
Governance Risk Compliance,Engineering,Manager,76
Governance Risk Compliance,Engineering,Non-Manager,13
Governance Risk Compliance,Engineering,Unknown,1
Governance Risk Compliance,Engineering,nan,22
Governance Risk Compliance,Facilities,C-Level,2
Governance Risk Compliance,Facilities,Contributor,1
Governance Risk Compliance,Facilities,Director,3
Governance Risk Compliance,Facilities,Executive,8
Governance Risk Compliance,Facilities,Manager,13
Governance Risk Compliance,Finance,C-Level,12
Governance Risk Compliance,Finance,Contributor,443
Governance Risk Compliance,Finance,Director,35
Governance Risk Compliance,Finance,Executive,95
Governance Risk Compliance,Finance,Manager,205
Governance Risk Compliance,Finance,nan,1
Governance Risk Compliance,Human Resource,Director,1
Governance Risk Compliance,Human Resource,Executive,1
Governance Risk Compliance,IT,C-Level,2407
Governance Risk Compliance,IT,Contributor,7792
Governance Risk Compliance,IT,Director,4085
Governance Risk Compliance,IT,Executive,4416
Governance Risk Compliance,IT,Individual Contributor,2
Governance Risk Compliance,IT,Manager,9370
Governance Risk Compliance,IT,Non-Manager,122
Governance Risk Compliance,IT,Other,3
Governance Risk Compliance,IT,Unknown,89
Governance Risk Compliance,IT,VP-Level,10
Governance Risk Compliance,IT,VP/Director,16
Governance Risk Compliance,IT,nan,713
Governance Risk Compliance,Legal,C-Level,6
Governance Risk Compliance,Legal,Contributor,2
Governance Risk Compliance,Legal,Director,1
Governance Risk Compliance,Legal,Executive,1
Governance Risk Compliance,Legal,Manager,5
Governance Risk Compliance,Management,C-Level,39
Governance Risk Compliance,Management,Contributor,9
Governance Risk Compliance,Management,Director,9
Governance Risk Compliance,Management,Executive,125
Governance Risk Compliance,Management,Manager,9
Governance Risk Compliance,Marketing,Director,1
Governance Risk Compliance,Marketing,Executive,1
Governance Risk Compliance,Operations,C-Level,1
Governance Risk Compliance,Operations,Contributor,4
Governance Risk Compliance,Operations,Manager,5
Governance Risk Compliance,Procurement,Contributor,14
Governance Risk Compliance,Procurement,Executive,1
Governance Risk Compliance,Procurement,Manager,7
Governance Risk Compliance,Sales,C-Level,2
Governance Risk Compliance,Sales,Contributor,4
Governance Risk Compliance,Sales,Executive,8
Governance Risk Compliance,Sales,Manager,9
Governance Risk Compliance,Services,Manager,2
Governance Risk Compliance,Unknown,Contributor,2
Help Desk,Administration,Manager,2
Help Desk,Corporate,Executive,1
Help Desk,Education,Manager,1
Help Desk,Engineering,C-Level,1
Help Desk,Engineering,Contributor,1599
Help Desk,Engineering,Director,46
Help Desk,Engineering,Executive,112
Help Desk,Engineering,Manager,314
Help Desk,Engineering,Member of Technical Staff 2,2
Help Desk,Engineering,Non-Manager,31
Help Desk,Engineering,Unknown,18
Help Desk,Engineering,VP-Level,1
Help Desk,Engineering,nan,77
Help Desk,Facilities,Contributor,12
Help Desk,Facilities,Director,4
Help Desk,Facilities,Executive,2
Help Desk,Facilities,Manager,14
Help Desk,Facilities,nan,1
Help Desk,Finance,Executive,1
Help Desk,Finance,Manager,3
Help Desk,Human Resource,Contributor,2
Help Desk,Human Resource,Manager,6
Help Desk,IT,C-Level,188
Help Desk,IT,Contributor,5607
Help Desk,IT,Director,404
Help Desk,IT,Executive,1006
Help Desk,IT,Manager,3646
Help Desk,IT,Non-Manager,138
Help Desk,IT,Other,3
Help Desk,IT,Unknown,40
Help Desk,IT,VP-Level,8
Help Desk,IT,manager,2
Help Desk,IT,nan,398
Help Desk,Legal,nan,1
Help Desk,Management,C-Level,15
Help Desk,Management,Director,1
Help Desk,Management,Executive,22
Help Desk,Management,Manager,1
Help Desk,Management,Unknown,1
Help Desk,Management,nan,2
Help Desk,Marketing,C-Level,1
Help Desk,Marketing,Contributor,5
Help Desk,Marketing,Manager,2
Help Desk,Operations,Contributor,3
Help Desk,Operations,Director,1
Help Desk,Operations,Executive,1
Help Desk,Operations,Manager,2
Help Desk,Sales,C-Level,14
Help Desk,Sales,Contributor,57
Help Desk,Sales,Director,10
Help Desk,Sales,Executive,56
Help Desk,Sales,Manager,8
Help Desk,Sales,nan,3
Help Desk,Services,C-Level,2
Help Desk,Services,Executive,83
Help Desk,Services,Manager,14
Help Desk,Services,nan,1
Help Desk,Support,C-Level,6
Help Desk,Support,Contributor,21
Help Desk,Support,Director,6
Help Desk,Support,Executive,9
Help Desk,Support,Manager,34
Help Desk,Support,Non-Manager,1
Help Desk,Support,nan,4
Help Desk,Unknown,Director,4
Help Desk,Unknown,Manager,12
Help Desk,Unknown,nan,7
INformation Security,IT,Contributor,6
INformation Security,nan,nan,1
IT,IT,Director,4
IT,IT,Executive,3
IT,Management,Executive,1
IT Facilities,Administration,Contributor,2
IT Facilities,Engineering,C-Level,2
IT Facilities,Engineering,Contributor,27
IT Facilities,Engineering,Director,10
IT Facilities,Engineering,Executive,3
IT Facilities,Engineering,Manager,11
IT Facilities,Engineering,Unknown,1
IT Facilities,Engineering,nan,7
IT Facilities,Facilities,C-Level,8
IT Facilities,Facilities,Contributor,23
IT Facilities,Facilities,Director,16
IT Facilities,Facilities,Executive,14
IT Facilities,Facilities,Manager,47
IT Facilities,Facilities,Non-Manager,1
IT Facilities,Facilities,nan,2
IT Facilities,Human Resource,Executive,1
IT Facilities,IT,C-Level,21
IT Facilities,IT,Contributor,99
IT Facilities,IT,Director,42
IT Facilities,IT,Executive,93
IT Facilities,IT,Manager,270
IT Facilities,IT,Unknown,3
IT Facilities,IT,nan,11
IT Facilities,Management,C-Level,2
IT Facilities,Management,Contributor,4
IT Facilities,Management,Executive,2
IT Facilities,Medical,C-Level,2
IT Facilities,Operations,Director,1
IT Facilities,Operations,Executive,3
IT General,Education,Contributor,10
IT General,Education,nan,2
IT General,Engineering,C-Level,110
IT General,Engineering,Contributor,3875
IT General,Engineering,Director,521
IT General,Engineering,Executive,274
IT General,Engineering,Manager,716
IT General,Engineering,Unknown,15
IT General,Engineering,nan,450
IT General,Facilities,C-Level,3
IT General,Facilities,Contributor,16
IT General,Facilities,Director,7
IT General,Facilities,Executive,10
IT General,Facilities,Manager,22
IT General,Facilities,nan,4
IT General,Finance,C-Level,17
IT General,Finance,Contributor,4
IT General,Finance,Executive,6
IT General,Finance,Manager,13
IT General,Finance,nan,1
IT General,Human Resource,Contributor,4
IT General,Human Resource,Director,1
IT General,Human Resource,Executive,10
IT General,Human Resource,Manager,8
IT General,IT,C-Level,19535
IT General,IT,C-level,43
IT General,IT,Contributor,31920
IT General,IT,Director,20820
IT General,IT,Director / C-Level,2
IT General,IT,Executive,36223
IT General,IT,Manager,38823
IT General,IT,Non-Manager,94
IT General,IT,Unknown,121
IT General,IT,VP-Level,13
IT General,IT,nan,3081
IT General,Legal,C-Level,2
IT General,Legal,Contributor,21
IT General,Management,C-Level,2910
IT General,Management,Contributor,43
IT General,Management,Director,50
IT General,Management,Executive,3555
IT General,Management,Manager,36
IT General,Management,Unknown,7
IT General,Management,nan,22
IT General,Marketing,C-Level,1
IT General,Marketing,Contributor,38
IT General,Marketing,Director,7
IT General,Marketing,Executive,6
IT General,Marketing,Manager,21
IT General,Marketing,nan,9
IT General,Medical,Contributor,3
IT General,Operations,C-Level,2
IT General,Operations,Contributor,11
IT General,Operations,Director,6
IT General,Operations,Executive,9
IT General,Operations,Manager,8
IT General,Operations,nan,1
IT General,Public Sector,Contributor,4
IT General,Purchasing,Contributor,1
IT General,Sales,C-Level,2
IT General,Sales,Contributor,74
IT General,Sales,Director,27
IT General,Sales,Executive,20
IT General,Sales,Manager,66
IT General,Sales,Unknown,2
IT General,Sales,nan,78
IT General,Services,Executive,1
IT General,Services,Manager,4
IT General,Support,Contributor,4
IT General,Unknown,C-Level,171
IT General,Unknown,C-level,6
IT General,Unknown,Contributor,2949
IT General,Unknown,Director,45
IT General,Unknown,Executive,931
IT General,Unknown,Manager,265
IT General,Unknown,nan,1
IT General,nan,nan,2
IT/IS Compliance/Risk/Control Staff,Unknown,Unknown,2
Information Security,Administration,C-Level,15
Information Security,Administration,Contributor,220
Information Security,Administration,Director,2
Information Security,Administration,Executive,53
Information Security,Administration,Manager,13
Information Security,Corporate,C-Level,1
Information Security,Corporate,Contributor,42
Information Security,Corporate,Director,5
Information Security,Corporate,Executive,6
Information Security,Education,C-Level,2
Information Security,Education,Contributor,3
Information Security,Education,Director,1
Information Security,Engineering,C-Level,513
Information Security,Engineering,C-level,6
Information Security,Engineering,Contributor,2022
Information Security,Engineering,Director,195
Information Security,Engineering,Executive,350
Information Security,Engineering,Manager,1092
Information Security,Engineering,Non-Manager,12
Information Security,Engineering,Unknown,22
Information Security,Engineering,nan,191
Information Security,Facilities,C-Level,33
Information Security,Facilities,Contributor,30
Information Security,Facilities,Executive,15
Information Security,Facilities,Manager,80
Information Security,Finance,C-Level,57
Information Security,Finance,Contributor,192
Information Security,Finance,Director,13
Information Security,Finance,Executive,48
Information Security,Finance,Manager,88
Information Security,Human Resource,C-Level,27
Information Security,Human Resource,Contributor,37
Information Security,Human Resource,Director,6
Information Security,Human Resource,Executive,54
Information Security,Human Resource,Manager,83
Information Security,Human Resource,nan,6
Information Security,IT,Admin,1
Information Security,IT,Analyst,1
Information Security,IT,C level,2
Information Security,IT,C-Level,93392
Information Security,IT,C-level,93
Information Security,IT,C-suite,2
Information Security,IT,Contributor,157345
Information Security,IT,CxO,33
Information Security,IT,Decision maker,14
Information Security,IT,Director,15684
Information Security,IT,Director / C-Level,11
Information Security,IT,Director Level,11
Information Security,IT,Engineer/Admin,30
Information Security,IT,Exec.,1
Information Security,IT,Executive,66815
Information Security,IT,Global Infosec Engineering Tech Manager,2
Information Security,IT,IT Security Admin,2
Information Security,IT,IT Security Engineer,1
Information Security,IT,IT Security Manager,1
Information Security,IT,Individual Contributor,61
Information Security,IT,Management,7
Information Security,IT,Manager,104935
Information Security,IT,Manager Level,11
Information Security,IT,Non-Manager,1286
Information Security,IT,Other,24
Information Security,IT,Security Analyst,1
Information Security,IT,Senior Management,10
Information Security,IT,Sr Manager,2
Information Security,IT,Team Lead,46
Information Security,IT,Technik DV/IT,4
Information Security,IT,Threat Hunting Manager,1
Information Security,IT,Unknown,1066
Information Security,IT,VP,3
Information Security,IT,VP-Level,120
Information Security,IT,VP/Director,31
Information Security,IT,nan,8248
Information Security,"Information Security, Information Technology",Contributor,1
Information Security,Information Technology,Contributor,1
Information Security,Information Technology,Non-Manager,2
Information Security,Legal,C-Level,5
Information Security,Legal,Contributor,7
Information Security,Legal,Executive,8
Information Security,Legal,Non-Manager,1
Information Security,Management,C-Level,1516
Information Security,Management,Contributor,535
Information Security,Management,Director,88
Information Security,Management,Executive,880
Information Security,Management,Manager,80
Information Security,Management,Non-Manager,1
Information Security,Management,Unknown,8
Information Security,Management,VP/Director,6
Information Security,Management,nan,18
Information Security,Marketing,C-Level,8
Information Security,Marketing,Contributor,24
Information Security,Marketing,Director,2
Information Security,Marketing,Executive,4
Information Security,Marketing,Manager,10
Information Security,Marketing,nan,2
Information Security,Medical,C-Level,2
Information Security,Medical,Contributor,19
Information Security,Medical,Executive,1
Information Security,Medical,Manager,1
Information Security,Operations,C-Level,65
Information Security,Operations,Contributor,29
Information Security,Operations,Director,2
Information Security,Operations,Executive,10
Information Security,Operations,Manager,9
Information Security,Operations,Non-Manager,1
Information Security,Operations,nan,2
Information Security,Public Sector,C-Level,7
Information Security,Public Sector,Contributor,15
Information Security,Public Sector,Manager,1
Information Security,Purchasing,Contributor,1
Information Security,Purchasing,Manager,1
Information Security,Sales,C-Level,58
Information Security,Sales,Contributor,133
Information Security,Sales,Director,9
Information Security,Sales,Executive,72
Information Security,Sales,Manager,31
Information Security,Sales,nan,2
Information Security,Services,C-Level,6
Information Security,Services,Contributor,73
Information Security,Services,Executive,11
Information Security,Services,Manager,1
Information Security,Support,C-Level,2
Information Security,Support,Contributor,102
Information Security,Support,Director,2
Information Security,Support,Executive,22
Information Security,Support,Manager,260
Information Security,Support,nan,2
Information Security,Unknown,C-Level,18
Information Security,Unknown,Contributor,266
Information Security,Unknown,Director,5
Information Security,Unknown,Executive,16
Information Security,Unknown,Manager,53
Information Security,Unknown,Non-Manager,1
Information Security,Unknown,Unknown,3
Information Security,Unknown,nan,3
Information Security,nan,nan,25
Integration,Engineering,Contributor,5
Integration,Engineering,Executive,2
Integration,Engineering,nan,7
Integration,Facilities,Director,2
Integration,Facilities,Executive,1
Integration,Facilities,Manager,3
Integration,Finance,Contributor,1
Integration,IT,C Level,1
Integration,IT,C-Level,59
Integration,IT,C-level,3
Integration,IT,Contributor,378
Integration,IT,Director,347
Integration,IT,Director / C-Level,7
Integration,IT,Executive,195
Integration,IT,Manager,306
Integration,IT,Non-Manager,5
Integration,IT,VP-Level,1
Integration,IT,nan,37
Integration,Management,C-Level,2
Integration,Management,Executive,2
Integration,Sales,Contributor,1
Integration,Unknown,Contributor,3
Lead Data Engineer,nan,nan,1
"Manager, AD Systems",Unknown,Manager,3
Netoworking,IT,Executive,1
Networking,Administration,C-Level,3
Networking,Administration,Contributor,66
Networking,Administration,Director,40
Networking,Administration,Executive,35
Networking,Corporate,C-Level,5
Networking,Corporate,Contributor,5
Networking,Corporate,Director,11
Networking,Corporate,Executive,11
Networking,Corporate,Manager,1
Networking,Education,C-Level,23
Networking,Education,Contributor,2
Networking,Education,Director,6
Networking,Education,Executive,1
Networking,Education,Manager,52
Networking,Engineering,C-Level,131
Networking,Engineering,Contributor,3407
Networking,Engineering,Director,5562
Networking,Engineering,Executive,568
Networking,Engineering,Manager,803
Networking,Engineering,Non-Manager,11
Networking,Engineering,Unknown,15
Networking,Engineering,VP-Level,3
Networking,Engineering,nan,118
Networking,Facilities,C-Level,3
Networking,Facilities,Contributor,15
Networking,Facilities,Director,129
Networking,Facilities,Executive,14
Networking,Facilities,Manager,23
Networking,Facilities,nan,4
Networking,Facilities Management,nan,1
Networking,Finance,C-Level,6
Networking,Finance,Contributor,27
Networking,Finance,Director,130
Networking,Finance,Executive,34
Networking,Finance,Manager,27
Networking,Finance,nan,1
Networking,Human Resource,C-Level,9
Networking,Human Resource,Contributor,4
Networking,Human Resource,Director,73
Networking,Human Resource,Executive,4
Networking,Human Resource,Manager,5
Networking,IT,C-Level,5125
Networking,IT,C-level,4
Networking,IT,Contributor,115277
Networking,IT,CxO,4
Networking,IT,Director,94363
Networking,IT,Director / C-Level,10
Networking,IT,Director Level,5
Networking,IT,Director of Enterprise Cloud Business,1
Networking,IT,Engineer/Admin,38
Networking,IT,Executive,19762
Networking,IT,IT,2
Networking,IT,IT Infrastructure Director,1
Networking,IT,Individual Contributor,36
Networking,IT,Influencers,2
Networking,IT,Management,7
Networking,IT,Manager,39827
Networking,IT,Manager Level,3
Networking,IT,Non-Manager,1007
Networking,IT,Other,4
Networking,IT,Senior Executive,1
Networking,IT,Team Lead,84
Networking,IT,Unknown,483
Networking,IT,VP,5
Networking,IT,VP-Level,43
Networking,IT,VP/Director,51
Networking,IT,contribtuor,2
Networking,IT,contributor,8
Networking,IT,manager,1
Networking,IT,nan,3911
Networking,Legal,C-Level,1
Networking,Legal,Contributor,1
Networking,Legal,Director,2
Networking,Management,C-Level,2655
Networking,Management,Contributor,234
Networking,Management,Director,636
Networking,Management,Executive,2316
Networking,Management,Manager,83
Networking,Management,Non-Manager,1
Networking,Management,Unknown,13
Networking,Management,VP-Level,2
Networking,Management,nan,45
Networking,Marketing,Contributor,16
Networking,Marketing,Director,34
Networking,Marketing,Executive,10
Networking,Marketing,Manager,4
Networking,Marketing,nan,1
Networking,Medical,Contributor,10
Networking,Medical,Director,39
Networking,Medical,Executive,5
Networking,Operations,C-Level,28
Networking,Operations,Contributor,29
Networking,Operations,Director,61
Networking,Operations,Executive,19
Networking,Operations,Manager,26
Networking,Procurement,Director,3
Networking,Public Sector,C-Level,3
Networking,Public Sector,Contributor,7
Networking,Public Sector,Director,6
Networking,Public Sector,Executive,66
Networking,Purchasing,Contributor,2
Networking,Sales,C-Level,8
Networking,Sales,Contributor,146
Networking,Sales,Director,170
Networking,Sales,Executive,36
Networking,Sales,Manager,15
Networking,Sales,nan,2
Networking,Services,C-Level,6
Networking,Services,Contributor,42
Networking,Services,Director,33
Networking,Services,Executive,7
Networking,Services,Manager,13
Networking,Support,C-Level,10
Networking,Support,Contributor,7
Networking,Support,Director,387
Networking,Support,Executive,2
Networking,Support,Manager,1
Networking,Unknown,Contributor,205
Networking,Unknown,Director,1
Networking,Unknown,Executive,17
Networking,Unknown,Manager,645
Networking,Unknown,nan,1
Non-IT,Corporate,nan,3
Non-IT,Director Global IT,nan,1
Non-IT,Education,nan,17
Non-IT,Engineering,C-Level,1
Non-IT,Engineering,Contributor,8
Non-IT,Engineering,Director,1
Non-IT,Engineering,Manager,4
Non-IT,Engineering,Unknown,1
Non-IT,Engineering,nan,315
Non-IT,Facilities,Contributor,2
Non-IT,Facilities,Director,1
Non-IT,Facilities,Executive,1
Non-IT,Facilities,Manager,2
Non-IT,Facilities,nan,42
Non-IT,Finance,nan,33
Non-IT,Human Resource,nan,47
Non-IT,IT,Manager,1
Non-IT,IT,nan,2
Non-IT,Legal,nan,32
Non-IT,Management,C-Level,3
Non-IT,Management,Executive,3
Non-IT,Management,nan,1
Non-IT,Marketing,nan,170
Non-IT,Medical,nan,14
Non-IT,Operations,nan,181
Non-IT,Other,nan,838
Non-IT,Public Sector,nan,25
Non-IT,Purchasing,nan,13
Non-IT,Sales,Contributor,2
Non-IT,Sales,Director,3
Non-IT,Sales,nan,180
Non-IT,Support,nan,16
Non-IT,Unknown,C-Level,3
Non-IT,Unknown,Contributor,70
Non-IT,Unknown,Director,3
Non-IT,Unknown,Executive,3
Non-IT,Unknown,Manager,55
Non-IT,Unknown,Other,4
Non-IT,Unknown,Unknown,7327
Non-IT,Unknown,nan,16272
Non-IT,nan,nan,2
None Technical,Account Management,Director,2
None Technical,Account Management,Manager,1
None Technical,Account Management,Non-Manager,3
None Technical,"Accounting, Internal Audit & Control",Contributor,1
None Technical,Administration,C-Level,69
None Technical,Administration,Contributor,1423
None Technical,Administration,Director,172
None Technical,Administration,Executive,928
None Technical,Administration,Manager,59
None Technical,Administration,Non-Manager,26
None Technical,Administration,Team Lead,1
None Technical,Administration,Unknown,7
None Technical,Administration,nan,57
None Technical,Application Development,Manager,1
None Technical,Business Development,Manager,1
None Technical,Business Intelligence,Contributor,1
None Technical,Business Service Management / ITSM,Contributor,1
None Technical,CIO,Contributor,1
None Technical,"Compliance, Internal Audit & Control, Governance",Manager,3
None Technical,Corporate,C-Level,305
None Technical,Corporate,Contributor,570
None Technical,Corporate,Director,634
None Technical,Corporate,Executive,753
None Technical,Corporate,Manager,400
None Technical,Corporate,Non-Manager,4
None Technical,Corporate,Unknown,13
None Technical,Corporate,VP,1
None Technical,Corporate,VP-Level,1
None Technical,Corporate,nan,82
None Technical,Corporate Strategy,Manager,1
None Technical,Customer Service / Support,Manager,1
None Technical,Customer Service / Support,nan,2
None Technical,Customer Success,Executive,1
None Technical,Data Center,Manager,1
None Technical,Database Administration,Non-Manager,1
None Technical,"Digital Transformation, Information Technology Executive, Information Technology, Engineering & Technical Executive",C-Level,1
None Technical,Education,C-Level,49
None Technical,Education,Contributor,2036
None Technical,Education,Director,218
None Technical,Education,Executive,449
None Technical,Education,Manager,1875
None Technical,Education,Manager Level,1
None Technical,Education,Non-Manager,4
None Technical,Education,Unknown,10
None Technical,Education,nan,65
None Technical,Engineer SASE,Contributor,2
None Technical,Engineering,C-Level,33
None Technical,Engineering,Contributor,1405
None Technical,Engineering,Director,610
None Technical,Engineering,Executive,227
None Technical,Engineering,Manager,720
None Technical,Engineering,Non-Manager,10
None Technical,Engineering,Unknown,2
None Technical,Engineering,VP-Level,2
None Technical,Engineering,nan,1153
None Technical,Engineering & Technical,Contributor,2
None Technical,Engineering & Technical,Manager,3
None Technical,Engineering & Technical,Non-Manager,1
None Technical,Engineering & Technical,VP-Level,1
None Technical,Enterprise Architecture,Contributor,1
None Technical,Enterprise Architecture,Executive,3
None Technical,Enterprise Architecture,Manager,1
None Technical,Enterprise Architecture,Non-Manager,1
None Technical,"Enterprise Architecture, HR / Financial / ERP Systems",Non-Manager,1
None Technical,Epidemiology,Contributor,1
None Technical,Executive,C-Level,1
None Technical,Facilities,C-Level,41
None Technical,Facilities,Contributor,196
None Technical,Facilities,Director,188
None Technical,Facilities,Executive,126
None Technical,Facilities,Manager,290
None Technical,Facilities,Non-Manager,5
None Technical,Facilities,Unknown,14
None Technical,Facilities,VP-Level,1
None Technical,Facilities,nan,94
None Technical,Field / Outside Sales,Manager,10
None Technical,"Field / Outside Sales, Sales",Manager,1
None Technical,Field Marketing,Manager,1
None Technical,Field Marketing,Non-Manager,2
None Technical,Finance,C-Level,1052
None Technical,Finance,Contributor,9028
None Technical,Finance,Director,2557
None Technical,Finance,Executive,2476
None Technical,Finance,Manager,3046
None Technical,Finance,Non-Manager,24
None Technical,Finance,Unknown,79
None Technical,Finance,VP-Level,7
None Technical,Finance,nan,546
None Technical,Financial Planning & Analysis,Contributor,4
None Technical,Financial Planning & Analysis,nan,1
None Technical,Governmental Affairs & Regulatory Law,Director,1
None Technical,HR / Financial / ERP Systems,Manager,1
None Technical,Help Desk / Desktop Services,Contributor,1
None Technical,Help Desk / Desktop Services,Non-Manager,4
None Technical,Human Resource,C-Level,302
None Technical,Human Resource,C-level,1
None Technical,Human Resource,Contributor,1306
None Technical,Human Resource,Director,834
None Technical,Human Resource,Executive,690
None Technical,Human Resource,Manager,728
None Technical,Human Resource,Non-Manager,11
None Technical,Human Resource,Unknown,42
None Technical,Human Resource,VP-Level,1
None Technical,Human Resource,nan,184
None Technical,IT,??,6
None Technical,IT,?? DX????,2
None Technical,IT,????,1
None Technical,IT,C-Level,531
None Technical,IT,C-level,30
None Technical,IT,Contributor,8319
None Technical,IT,Director,1313
None Technical,IT,Director (It & Project) & Chief Information Security Officer,2
None Technical,IT,Executive,1728
None Technical,IT,Manager,3984
None Technical,IT,Non-Manager,15
None Technical,IT,Unknown,24
None Technical,IT,VP-Level,1
None Technical,IT,VP/Director,5
None Technical,IT,nan,3297
None Technical,IT - Network,Contributor,6
None Technical,IT - Security,Contributor,5
None Technical,Industrial Engineering,Manager,1
None Technical,Information Security,Contributor,6
None Technical,Information Security,Executive,1
None Technical,Information Security,Manager,5
None Technical,Information Security,Non-Manager,8
None Technical,Information Security,nan,4
None Technical,"Information Security, Information Technology",Contributor,1
None Technical,"Information Security, Information Technology",Manager,1
None Technical,"Information Security, Information Technology, Enterprise Architecture",Contributor,1
None Technical,Information Technology,C-Level,2
None Technical,Information Technology,Director,1
None Technical,Information Technology,Manager,6
None Technical,Information Technology,Non-Manager,1
None Technical,"Information Technology, Information Technology Executive",C-Level,1
None Technical,Infrastructure,Contributor,1
None Technical,Infrastructure,Manager,2
None Technical,Infrastructure,Non-Manager,4
None Technical,Inside Sales,Contributor,1
None Technical,"Internal Audit & Control, Governance",Non-Manager,2
None Technical,It,Director,1
None Technical,Lawyer / Attorney,nan,1
None Technical,Legal,C-Level,165
None Technical,Legal,Contributor,1821
None Technical,Legal,Director,213
None Technical,Legal,Executive,485
None Technical,Legal,Manager,273
None Technical,Legal,Non-Manager,2
None Technical,Legal,Unknown,26
None Technical,Legal,nan,127
None Technical,Management,C-Level,24883
None Technical,Management,Contributor,673
None Technical,Management,Director,1096
None Technical,Management,Executive,15952
None Technical,Management,Jt. General Manager,1
None Technical,Management,Manager,440
None Technical,Management,Non-Manager,2
None Technical,Management,Unknown,14
None Technical,Management,VP-Level,12
None Technical,Management,nan,259
None Technical,Marketing,??,1
None Technical,Marketing,????,1
None Technical,Marketing,??????????,1
None Technical,Marketing,C-Level,931
None Technical,Marketing,Contributor,8651
None Technical,Marketing,Director,3883
None Technical,Marketing,Director / C-Level,3
None Technical,Marketing,Executive,2393
None Technical,Marketing,Manager,6845
None Technical,Marketing,Non-Manager,41
None Technical,Marketing,Unknown,97
None Technical,Marketing,VP-Level,3
None Technical,Marketing,nan,2258
None Technical,Marketing Operations,Manager,2
None Technical,Marketing/Sales,Manager,1
None Technical,Medical,C-Level,94
None Technical,Medical,Contributor,724
None Technical,Medical,Director,392
None Technical,Medical,Executive,149
None Technical,Medical,Manager,214
None Technical,Medical,Non-Manager,3
None Technical,Medical,Unknown,46
None Technical,Medical,VP-Level,1
None Technical,Medical,nan,110
None Technical,Nursing,Contributor,1
None Technical,Operations,???,3
None Technical,Operations,C-Level,4535
None Technical,Operations,C-level,3
None Technical,Operations,Contributor,7372
None Technical,Operations,Director,4095
None Technical,Operations,Executive,3584
None Technical,Operations,Manager,8001
None Technical,Operations,Non-Manager,60
None Technical,Operations,Unknown,140
None Technical,Operations,VP-Level,1
None Technical,Operations,VP/Director,1
None Technical,Operations,nan,1911
None Technical,"Operations Executive, Operations",C-Level,1
None Technical,Other,C-Level,61
None Technical,Other,C-level,259
None Technical,Other,Contributor,2361
None Technical,Other,Director,37
None Technical,Other,Executive,650
None Technical,Other,Manager,3469
None Technical,Other,Unknown,3
None Technical,Other,nan,233
None Technical,Privacy,Contributor,2
None Technical,Privacy,Non-Manager,1
None Technical,Privacy,nan,1
None Technical,Procurement,C-Level,24
None Technical,Procurement,Contributor,471
None Technical,Procurement,Director,285
None Technical,Procurement,Executive,543
None Technical,Procurement,Manager,888
None Technical,Procurement,Non-Manager,2
None Technical,Procurement,Unknown,17
None Technical,Procurement,VP-Level,1
None Technical,Procurement,nan,46
None Technical,Product Management,Non-Manager,3
None Technical,Project & Program Management,Manager,1
None Technical,Project Management,Contributor,2
None Technical,Project Management,Manager,1
None Technical,Project Management,Non-Manager,1
None Technical,Public Sector,C-Level,434
None Technical,Public Sector,Contributor,1393
None Technical,Public Sector,Director,459
None Technical,Public Sector,Executive,762
None Technical,Public Sector,Manager,546
None Technical,Public Sector,Non-Manager,10
None Technical,Public Sector,Team Lead,6
None Technical,Public Sector,Unknown,14
None Technical,Public Sector,VP/Director,2
None Technical,Public Sector,nan,152
None Technical,Purchasing,C-Level,142
None Technical,Purchasing,C-level,9
None Technical,Purchasing,Contributor,1945
None Technical,Purchasing,Director,290
None Technical,Purchasing,Executive,426
None Technical,Purchasing,Manager,568
None Technical,Purchasing,Non-Manager,6
None Technical,Purchasing,Unknown,22
None Technical,Purchasing,nan,123
None Technical,Recruiting & Talent Acquisition,Contributor,2
None Technical,Recruiting & Talent Acquisition,Non-Manager,1
None Technical,"Risk, Legal Operations",Manager,2
None Technical,Safety,nan,2
None Technical,Sales,C-Level,2894
None Technical,Sales,C-level,4
None Technical,Sales,Contributor,46762
None Technical,Sales,CxO,1
None Technical,Sales,Director,11454
None Technical,Sales,Executive,11686
None Technical,Sales,IT Security Director,1
None Technical,Sales,Manager,13076
None Technical,Sales,Non-Manager,142
None Technical,Sales,Other,3
None Technical,Sales,Unknown,453
None Technical,Sales,VP-Level,5
None Technical,Sales,nan,4400
None Technical,Sales Engineering,Non-Manager,1
None Technical,Scrum Master / Agile Coach,nan,1
None Technical,Search Engine Optimization / Pay Per Click,Contributor,1
None Technical,Servers,Non-Manager,1
None Technical,Services,C-Level,138
None Technical,Services,Contributor,3145
None Technical,Services,Director,1201
None Technical,Services,Executive,1146
None Technical,Services,Individual Contributor,1
None Technical,Services,Manager,3482
None Technical,Services,Non-Manager,11
None Technical,Services,Senior Manager,3
None Technical,Services,Unknown,50
None Technical,Services,nan,197
None Technical,Software Development,Contributor,2
None Technical,"Software Development, Application Development",Non-Manager,1
None Technical,Sourcing / Procurement,Non-Manager,1
None Technical,Support,C-Level,357
None Technical,Support,Contributor,7071
None Technical,Support,Director,21319
None Technical,Support,Executive,798
None Technical,Support,IT,2
None Technical,Support,Manager,2760
None Technical,Support,Non-Manager,47
None Technical,Support,Unknown,69
None Technical,Support,nan,300
None Technical,Support / Technical Services,Manager,1
None Technical,Support / Technical Services,Non-Manager,2
None Technical,Technology Operations,Manager,3
None Technical,Test / Quality Assurance,Manager,1
None Technical,Unknown,C-Level,1543
None Technical,Unknown,C-level,118
None Technical,Unknown,Contributor,41272
None Technical,Unknown,Director,3929
None Technical,Unknown,Director / C-Level,2
None Technical,Unknown,Executive,5669
None Technical,Unknown,Management,4
None Technical,Unknown,Manager,19564
None Technical,Unknown,Non-Manager,179
None Technical,Unknown,Other,5
None Technical,Unknown,Unknown,271
None Technical,Unknown,VP-Level,10
None Technical,Unknown,nan,13791
None Technical,Virtualization,Manager,1
None Technical,nan,C-Level,245
None Technical,nan,C-level,14
None Technical,nan,Contributor,6857
None Technical,nan,Director,669
None Technical,nan,Director / C-Level,2
None Technical,nan,Executive,802
None Technical,nan,Manager,3376
None Technical,nan,Non-Manager,18
None Technical,nan,Unknown,12
None Technical,nan,VP-Level,2
None Technical,nan,nan,2035
Operations,Corporate,Executive,1
Operations,Corporate,Non-Manager,1
Operations,Engineering,C-Level,7
Operations,Engineering,Contributor,1380
Operations,Engineering,Director,43
Operations,Engineering,Executive,49
Operations,Engineering,Manager,315
Operations,Engineering,Non-Manager,1
Operations,Engineering,Unknown,1
Operations,Engineering,nan,38
Operations,Facilities,C-Level,1
Operations,Facilities,Contributor,28
Operations,Facilities,Director,14
Operations,Facilities,Executive,13
Operations,Facilities,Manager,33
Operations,Facilities,nan,2
Operations,Finance,Manager,6
Operations,IT,C-Level,105
Operations,IT,Contributor,1525
Operations,IT,Director,620
Operations,IT,Executive,780
Operations,IT,Manager,3099
Operations,IT,Non-Manager,14
Operations,IT,Unknown,5
Operations,IT,VP-Level,3
Operations,IT,nan,125
Operations,Management,C-Level,8
Operations,Management,Director,4
Operations,Management,Executive,11
Operations,Management,nan,1
Operations,Marketing,Manager,2
Operations,Operations,C-Level,24
Operations,Operations,Contributor,8
Operations,Operations,Director,4
Operations,Operations,Executive,6
Operations,Operations,Manager,37
Operations,Procurement,Contributor,2
Operations,Procurement,Executive,5
Operations,Procurement,Manager,1
Operations,Sales,Contributor,4
Operations,Sales,Executive,1
Operations,Sales,Non-Manager,1
Operations,Services,Executive,2
Operations,Services,Manager,1
Other,Engineering,Contributor,2
Other,IT,Contributor,2
Other,Other,nan,4
Other,Unknown,Other,7
Program Management,Administration,Contributor,5
Program Management,Corporate,Executive,4
Program Management,Engineering,C-Level,12
Program Management,Engineering,Contributor,395
Program Management,Engineering,Director,124
Program Management,Engineering,Executive,31
Program Management,Engineering,Manager,431
Program Management,Engineering,Non-Manager,1
Program Management,Engineering,Unknown,6
Program Management,Engineering,nan,129
Program Management,Facilities,Contributor,3
Program Management,Facilities,Executive,4
Program Management,Facilities,Manager,6
Program Management,Finance,Director,1
Program Management,Finance,Executive,6
Program Management,Finance,Manager,3
Program Management,Human Resource,Contributor,2
Program Management,Human Resource,Executive,1
Program Management,Human Resource,Manager,2
Program Management,IT,C-Level,196
Program Management,IT,Contributor,1670
Program Management,IT,Director,497
Program Management,IT,Executive,649
Program Management,IT,Manager,12636
Program Management,IT,Manager Level,1
Program Management,IT,Non-Manager,14
Program Management,IT,Unknown,103
Program Management,IT,VP-Level,3
Program Management,IT,nan,473
Program Management,Management,C-Level,68
Program Management,Management,Contributor,46
Program Management,Management,Director,16
Program Management,Management,Executive,46
Program Management,Management,Manager,4
Program Management,Management,Non-Manager,1
Program Management,Management,Unknown,1
Program Management,Management,nan,2
Program Management,Marketing,Contributor,1
Program Management,Marketing,Director,10
Program Management,Marketing,Manager,1
Program Management,Marketing,nan,3
Program Management,Operations,C-Level,4
Program Management,Operations,Contributor,7
Program Management,Operations,Executive,11
Program Management,Operations,Manager,8
Program Management,Operations,Non-Manager,1
Program Management,Operations,nan,4
Program Management,Public Sector,Manager,3
Program Management,Purchasing,Contributor,2
Program Management,Sales,Contributor,2
Program Management,Sales,Manager,5
Program Management,Sales,nan,1
Program Management,Services,Contributor,4
Program Management,Support,Contributor,3
Program Management,Unknown,Contributor,33
Program Management,Unknown,Director,10
Program Management,Unknown,Manager,6
Program Management,Unknown,nan,5
SENIOR CYBERSECURITY ENGINEER,IT,nan,1
SENIOR CYBERSECURITY ENGINEER,nan,nan,3
SVP,Management,Executive,12
Security,IT,Contributor,3
Security,IT,Director,3
"Senior Manager, Critical Facilities",Facilities,Manager,2
"Senior Manager, Information Technology",Facilities,Manager,2
"Senior Manager, Security, Risk, and Compliance",Unknown,nan,6
Sr. General Manager,Management,Executive,2
Systems,Corporate,Manager,1
Systems,Engineering,C-Level,5
Systems,Engineering,Contributor,313
Systems,Engineering,Director,123
Systems,Engineering,Executive,63
Systems,Engineering,Manager,212
Systems,Engineering,Unknown,1
Systems,Engineering,nan,84
Systems,Facilities,Contributor,2
Systems,Facilities,Executive,2
Systems,Facilities,Manager,11
Systems,Finance,C-Level,1
Systems,Finance,Contributor,6
Systems,Finance,Director,4
Systems,Finance,Manager,3
Systems,Human Resource,Executive,5
Systems,Human Resource,Manager,3
Systems,IT,C-Level,292
Systems,IT,Contributor,9533
Systems,IT,Director,2405
Systems,IT,Executive,2180
Systems,IT,Individual Contributor,1
Systems,IT,Manager,6612
Systems,IT,Non-Manager,18
Systems,IT,Team Lead,2
Systems,IT,Unknown,24
Systems,IT,nan,825
Systems,Legal,Manager,2
Systems,Management,C-Level,23
Systems,Management,Contributor,6
Systems,Management,Executive,51
Systems,Management,Manager,8
Systems,Management,nan,3
Systems,Marketing,Executive,1
Systems,Sales,Contributor,4
Systems,Sales,Executive,4
Systems,Sales,Manager,3
Systems,Support,Executive,2
Systems,Unknown,Contributor,10
Systems,Unknown,Manager,2
Systems,Unknown,nan,5
Training,Education,Executive,1
Training,Education,Non-Manager,1
Training,Engineering,C-Level,1
Training,Engineering,Contributor,40
Training,Engineering,Director,16
Training,Engineering,Executive,2
Training,Engineering,Manager,17
Training,Engineering,nan,5
Training,Facilities,Contributor,1
Training,IT,C-Level,4
Training,IT,Contributor,99
Training,IT,Director,17
Training,IT,Executive,4
Training,IT,Manager,46
Training,IT,Unknown,2
Training,IT,VP-Level,1
Training,IT,nan,8
Training,Legal,Director,2
Training,Management,C-Level,2
Training,Management,Executive,3
Training,Marketing,Contributor,2
Training,Operations,Contributor,2
Training,Sales,Contributor,1
Training,Sales,Executive,1
Training,Unknown,Contributor,2
VP,Management,Executive,2
Vendor Management,Engineering,C-Level,3
Vendor Management,Engineering,Contributor,21
Vendor Management,Engineering,Director,4
Vendor Management,Engineering,Executive,5
Vendor Management,Engineering,Manager,26
Vendor Management,Engineering,nan,7
Vendor Management,IT,C-Level,7
Vendor Management,IT,Contributor,23
Vendor Management,IT,Director,23
Vendor Management,IT,Executive,99
Vendor Management,IT,Manager,74
Vendor Management,IT,nan,19
Vendor Management,Management,C-Level,10
Vendor Management,Management,Contributor,4
Vendor Management,Management,Executive,98
Vendor Management,Management,Manager,4
Vendor Management,Operations,Manager,1
Vendor Management,Procurement,Manager,4
Vendor Management,Purchasing,Contributor,1
Vendor Management,Purchasing,Manager,1
Vendor Management,Sales,Contributor,1
Vendor Management,Sales,Manager,8
Vendor Management,Support,Executive,2
information security,IT,Manager,1
nan,Emerging Technology / Innovation,Director,1
nan,Engineering,C-Level,9
nan,Engineering,Contributor,1015
nan,Engineering,Director,207
nan,Engineering,Executive,82
nan,Engineering,Manager,282
nan,Engineering,Non-Manager,7
nan,Engineering,nan,142
nan,Engineering & Technical,Executive,1
nan,Enterprise Architecture,Non-Manager,1
nan,Facilities,C-Level,33
nan,Facilities,Contributor,137
nan,Facilities,Director,151
nan,Facilities,Executive,95
nan,Facilities,Manager,177
nan,Facilities,nan,12
nan,Finance,C-Level,3
nan,Finance,Contributor,3
nan,Finance,Director,9
nan,Finance,Manager,2
nan,Finance,nan,2
nan,Human Resource,nan,8
nan,IT,C-Level,77
nan,IT,C-level,3
nan,IT,Contributor,2028
nan,IT,Director,435
nan,IT,Executive,384
nan,IT,Manager,1565
nan,IT,Non-Manager,6
nan,IT,nan,254
nan,IT - Security,C-level,1
nan,IT-Sec Admin,nan,1
nan,Information Security,Contributor,2
nan,Information Security,nan,1
nan,"Information Security, Information Technology",Non-Manager,2
nan,Information Technology,Director,1
nan,Information Technology,Non-Manager,1
nan,Infrastructure,Non-Manager,2
nan,Legal,Director,1
nan,Management,C-Level,23
nan,Management,Director,1
nan,Management,Executive,40
nan,Management,nan,1
nan,Marketing,C-Level,1
nan,Marketing,Contributor,3
nan,Marketing,Director,16
nan,Marketing,Manager,23
nan,Marketing,Non-Manager,5
nan,Marketing,VP-Level,1
nan,Marketing,nan,23
nan,Marketing Operations,Contributor,1
nan,Marketing Operations,Non-Manager,1
nan,NetSec Operations,nan,1
nan,Operations,C-Level,8
nan,Operations,Director,11
nan,Operations,Manager,18
nan,Operations,Non-Manager,1
nan,Operations,nan,17
nan,Other,nan,64
nan,Product Management,Director,2
nan,Sales,C-Level,1
nan,Sales,Contributor,5
nan,Sales,Director,58
nan,Sales,Executive,1
nan,Sales,Manager,12
nan,Sales,Non-Manager,16
nan,Sales,VP-Level,1
nan,Sales,nan,60
nan,"Servers, Application Development",Non-Manager,1
nan,Services,nan,1
nan,Support,nan,7
nan,Support / Technical Services,Manager,1
nan,Unknown,Contributor,6
nan,Unknown,Manager,9
nan,Unknown,Other,11
nan,Unknown,Unknown,2284
nan,Unknown,nan,2543
nan,nan,C-Level,14
nan,nan,Contributor,22
nan,nan,Director,5
nan,nan,Executive,2
nan,nan,Individual Contributor,1
nan,nan,Manager,12
nan,nan,Unknown,11
nan,nan,nan,14892
